1|20
1|57
1|242
1|432
1|488
1|822
1|846
1|858
2|100
2|125
2|144
2|204
2|208
2|460
2|522
2|584
2|688
2|725
2|729
3|70
3|141
3|186
3|258
3|316
3|460
3|477
3|516
3|550
3|701
3|865
3|867
4|55
4|113
4|161
4|185
4|202
4|244
4|263
4|300
4|381
4|497
4|516
4|677
4|825
4|863
4|871
5|139
5|320
5|333
5|360
5|416
5|482
5|642
5|644
5|941
6|88
6|138
6|162
6|287
6|295
6|300
6|323
6|574
6|583
6|604
6|649
6|741
6|774
6|783
6|854
6|868
6|881
7|215
7|229
7|256
7|366
7|397
7|490
8|64
8|89
8|92
8|298
8|353
8|369
8|443
8|499
8|670
8|692
8|869
9|55
9|133
9|166
9|198
9|208
9|367
9|587
9|683
9|725
9|837
10|88
10|162
10|170
10|242
10|438
10|631
10|844
11|76
11|89
11|101
11|165
11|171
11|174
11|326
11|599
11|619
11|700
11|902
12|104
12|124
12|206
12|296
12|312
12|507
12|558
12|655
12|842
12|902
12|917
12|931
13|61
13|85
13|230
13|318
13|672
13|748
13|856
13|914
14|61
14|98
14|105
14|314
14|415
14|516
14|620
15|82
15|156
15|174
15|213
15|407
15|416
15|462
15|664
15|710
15|720
15|829
15|869
16|59
16|62
16|81
16|127
16|197
16|209
16|260
16|319
16|339
16|377
16|499
16|636
16|800
16|814
16|910
17|83
17|137
17|152
17|422
17|443
17|472
17|657
17|664
17|786
17|862
18|88
18|185
18|203
18|404
18|405
18|407
18|456
18|487
18|513
18|537
18|570
18|662
18|715
18|830
18|901
19|134
19|242
19|342
19|474
19|513
19|686
19|687
19|793
20|23
20|72
20|114
20|140
20|181
20|383
20|493
20|509
20|639
20|648
20|728
20|807
20|846
20|869
21|50
21|54
21|127
21|136
21|160
21|312
21|318
21|327
21|481
21|503
21|533
21|723
21|771
21|809
21|839
21|842
21|846
21|867
22|37
22|53
22|64
22|84
22|231
22|272
22|377
22|508
22|520
22|521
22|600
22|618
22|629
22|714
22|780
22|941
23|125
23|190
23|265
23|286
23|599
23|620
23|684
23|922
24|26
24|113
24|227
24|242
24|270
24|608
24|711
25|200
25|211
25|235
25|238
25|452
25|463
25|589
25|592
25|602
25|610
25|738
25|808
25|873
26|139
26|253
26|322
26|329
26|367
26|370
26|387
26|412
26|581
26|668
26|926
26|941
27|39
27|141
27|159
27|220
27|237
27|359
27|427
27|474
27|591
27|704
27|766
27|785
27|786
28|218
28|240
28|343
28|358
28|391
28|484
28|607
28|642
28|788
28|851
28|931
29|115
29|184
29|223
29|300
29|347
29|468
29|509
29|723
29|875
30|134
30|154
30|182
30|521
30|658
30|752
30|760
30|845
30|917
30|930
31|76
31|171
31|528
31|644
31|650
31|652
31|751
31|888
32|199
32|354
32|359
32|441
32|457
32|463
32|561
32|799
32|866
32|896
33|209
33|269
33|525
33|621
33|656
33|759
33|780
33|894
34|58
34|438
34|455
34|466
34|519
34|556
34|568
34|637
34|684
34|702
34|817
34|833
35|56
35|58
35|233
35|264
35|278
35|327
35|368
35|376
35|382
35|471
35|512
35|513
35|552
35|591
35|605
35|680
35|752
35|822
35|830
35|888
35|930
36|87
36|111
36|129
36|552
36|641
36|805
36|875
37|90
37|110
37|142
37|223
37|245
37|321
37|500
37|506
37|829
37|857
37|940
38|61
38|99
38|150
38|378
38|522
38|578
38|631
38|756
38|801
38|848
38|880
38|925
39|43
39|146
39|274
39|299
39|412
39|542
39|547
39|591
39|842
39|845
39|890
40|151
40|219
40|320
40|321
40|325
40|557
40|606
40|617
40|707
40|732
40|738
40|744
40|789
40|796
40|843
40|919
40|926
41|63
41|216
41|350
41|514
41|551
41|586
41|611
41|618
41|638
41|696
41|728
41|772
42|134
42|214
42|308
42|331
42|438
42|469
42|471
42|473
42|479
42|492
42|506
42|513
42|535
42|621
42|634
42|643
42|750
42|875
42|932
43|55
43|64
43|78
43|219
43|248
43|302
43|304
43|323
43|384
43|397
43|410
43|430
43|492
43|618
43|761
43|787
44|60
44|77
44|91
44|101
44|157
44|331
44|406
44|430
44|563
44|574
44|610
44|740
44|754
44|768
44|808
44|825
45|272
45|276
45|360
45|366
45|503
45|564
45|609
45|742
45|777
45|851
45|853
45|885
46|186
46|330
46|331
46|352
46|444
46|461
46|477
46|622
46|627
46|651
46|658
46|718
46|734
46|776
46|896
46|917
47|54
47|89
47|104
47|256
47|497
47|498
47|520
47|556
47|589
47|605
47|624
47|776
47|779
47|809
47|831
47|833
47|862
47|928
48|118
48|254
48|257
48|387
48|392
48|496
48|508
48|520
48|600
48|652
48|699
48|746
48|755
48|762
48|800
48|850
48|854
48|880
49|73
49|172
49|178
49|205
49|353
49|403
49|418
49|553
49|562
49|564
49|597
49|662
49|715
49|750
49|818
49|889
49|936
50|177
50|240
50|287
50|391
50|439
50|459
50|890
51|195
51|208
51|241
51|370
51|446
51|680
51|790
51|896
52|344
52|366
52|373
52|377
52|609
52|697
52|706
52|769
52|939
53|59
53|61
53|102
53|358
53|377
53|556
53|563
53|616
53|635
53|853
54|66
54|124
54|366
54|601
54|705
55|85
55|133
55|216
55|254
55|368
55|382
55|467
55|556
55|703
55|706
55|744
55|819
55|820
55|892
56|172
56|283
56|328
56|470
56|656
56|666
56|667
56|746
57|61
57|74
57|120
57|207
57|250
57|288
57|330
57|346
57|382
57|414
57|424
57|509
57|539
57|559
57|569
57|572
57|574
57|649
57|771
57|839
58|300
58|322
58|445
58|473
58|512
58|582
58|647
58|712
58|722
58|744
58|756
58|842
58|867
58|888
58|892
59|142
59|151
59|361
59|377
59|754
59|819
60|137
60|172
60|328
60|379
60|385
60|405
60|421
60|490
60|501
60|544
60|687
60|750
60|784
60|860
60|916
61|126
61|145
61|193
61|240
61|388
61|399
61|404
61|531
61|682
61|700
61|758
61|776
61|877
61|911
62|214
62|274
62|316
62|351
62|455
62|528
62|739
62|740
62|821
62|914
63|78
63|85
63|439
63|665
63|858
64|70
64|161
64|315
64|466
64|739
64|840
65|85
65|104
65|264
65|348
65|372
65|418
65|471
65|751
65|779
65|790
65|795
65|815
65|825
65|873
65|938
66|90
66|345
66|423
66|460
66|464
66|598
66|601
66|678
66|682
66|714
66|905
67|138
67|215
67|514
67|523
67|530
67|670
67|877
68|73
68|96
68|163
68|358
68|527
68|576
68|685
69|73
69|144
69|217
69|280
69|381
69|394
69|518
69|671
69|699
69|740
69|784
69|832
70|115
70|134
70|553
70|705
70|820
71|77
71|185
71|206
71|242
71|283
71|331
71|465
71|525
71|627
71|692
71|780
72|108
72|213
72|248
72|276
72|291
72|319
72|328
72|367
72|396
72|505
72|612
72|668
72|803
72|811
73|188
73|189
73|198
73|299
73|300
73|330
73|399
73|452
73|501
73|590
73|613
73|746
73|840
73|853
73|855
73|860
73|879
73|938
74|77
74|191
74|249
74|362
74|450
74|457
74|470
74|481
74|517
74|630
74|855
74|898
75|309
75|483
75|532
75|559
75|574
76|195
76|262
76|351
76|361
76|387
76|558
76|568
76|625
76|626
76|799
76|823
77|250
77|311
77|606
77|710
77|755
77|830
77|850
77|887
78|112
78|269
78|326
78|496
78|797
79|192
79|303
79|362
79|502
79|530
79|670
79|785
79|823
79|882
80|92
80|169
80|188
80|322
80|381
80|401
80|428
80|535
80|606
80|607
80|697
80|712
80|722
80|758
81|93
81|145
81|162
81|412
81|468
81|534
81|568
81|714
81|728
81|743
81|782
81|829
81|830
82|85
82|244
82|275
82|348
82|419
82|518
82|783
82|807
82|815
83|129
83|140
83|199
83|200
83|439
83|456
83|555
83|579
83|612
83|619
83|685
83|693
83|800
83|897
84|156
84|201
84|343
84|417
84|438
84|509
84|622
84|681
84|714
84|721
84|752
84|777
84|786
84|919
85|91
85|93
85|138
85|180
85|343
85|358
85|514
85|529
85|579
85|595
85|613
85|623
85|643
85|739
85|819
85|861
85|903
86|172
86|372
86|402
86|429
86|458
86|876
86|895
86|911
87|111
87|167
87|261
87|334
87|338
87|385
87|408
87|445
87|501
87|653
87|664
87|666
87|728
87|770
87|862
87|863
88|233
88|252
88|364
88|468
88|598
88|689
88|917
88|940
89|404
89|779
89|826
89|922
90|115
90|198
90|199
90|229
90|282
90|370
90|563
90|597
90|785
90|867
91|124
91|134
91|524
91|529
91|615
91|628
91|629
91|645
91|658
91|694
91|773
91|828
91|868
91|913
91|918
92|105
92|552
92|618
92|885
93|483
93|519
93|528
93|620
93|698
93|716
93|726
94|160
94|202
94|290
94|296
94|372
94|420
94|421
94|530
94|542
94|685
94|825
94|864
94|881
95|370
95|397
95|403
95|418
95|477
95|571
95|586
95|707
95|743
96|196
96|208
96|236
96|304
96|399
96|408
96|433
96|732
96|744
96|819
96|857
96|898
97|111
97|243
97|246
97|374
97|678
97|751
97|753
97|781
97|826
97|870
97|901
97|940
98|104
98|156
98|194
98|255
98|300
98|438
98|477
98|586
98|606
98|616
99|325
99|414
99|477
99|508
99|555
99|573
99|602
99|608
99|837
99|840
99|908
100|201
100|349
100|376
100|439
100|465
100|501
100|615
100|663
100|696
100|730
100|737
100|789
100|853
100|901
101|268
101|367
101|529
101|754
101|783
101|876
101|932
102|114
102|136
102|174
102|273
102|403
102|467
102|582
102|652
102|673
102|735
102|751
102|787
102|866
103|174
103|177
103|218
103|277
103|304
103|639
103|768
103|771
103|861
103|918
104|169
104|181
104|208
104|308
104|352
104|445
104|512
104|525
104|528
104|630
104|664
105|301
105|461
105|621
105|636
105|698
105|734
105|763
105|794
106|114
106|210
106|264
106|786
107|109
107|311
107|485
107|494
107|522
107|622
107|883
107|894
107|916
108|313
108|714
108|743
108|787
108|821
108|823
108|923
109|175
109|249
109|374
109|380
109|565
109|582
109|606
109|805
109|809
109|832
110|236
110|253
110|345
110|387
110|416
110|486
110|565
110|595
110|662
110|693
110|796
110|811
110|890
110|912
110|913
111|209
111|335
111|352
111|375
111|432
111|465
111|519
111|702
111|703
111|737
111|823
111|824
111|870
111|880
112|298
112|311
112|378
112|386
112|398
112|426
112|579
112|745
112|838
113|189
113|242
113|319
113|334
113|387
113|445
113|513
113|612
113|674
113|698
113|933
114|247
114|348
114|371
114|475
114|506
114|543
114|563
114|614
114|657
114|700
114|718
114|743
114|916
115|141
115|186
115|289
115|295
115|359
115|421
115|446
115|463
115|565
115|574
115|633
115|671
115|753
115|870
115|918
115|926
116|321
116|422
116|541
116|631
116|930
116|937
117|120
117|139
117|256
117|282
117|515
117|597
117|646
117|774
117|885
117|907
118|129
118|137
118|157
118|223
118|315
118|371
118|380
118|403
118|532
118|586
118|622
118|627
118|736
118|754
118|864
118|936
119|138
119|180
119|200
119|205
119|268
119|343
119|442
119|716
119|731
119|748
119|774
119|808
119|855
119|870
119|900
120|208
120|311
120|349
120|474
120|477
120|508
120|658
120|755
120|836
120|942
121|269
121|416
121|443
121|477
121|485
121|491
121|553
121|693
121|699
121|752
121|809
122|176
122|256
122|471
122|472
122|500
122|530
122|638
122|643
122|681
122|821
122|841
122|891
122|903
123|277
123|383
123|536
123|560
123|724
123|786
123|820
123|844
124|145
124|183
124|269
124|479
124|515
124|580
124|683
124|703
125|184
125|254
125|361
125|570
125|632
125|634
125|728
125|927
126|155
126|188
126|222
126|230
126|242
126|382
126|550
126|553
126|566
126|896
127|160
127|334
127|344
127|391
127|416
127|484
127|538
127|620
127|633
127|761
127|787
127|926
127|938
128|492
128|508
128|520
128|533
128|538
128|575
128|585
128|808
129|216
129|247
129|248
129|293
129|637
129|655
129|896
130|138
130|144
130|219
130|244
130|314
130|451
130|550
130|615
130|642
130|687
130|701
130|749
130|856
130|895
130|929
131|138
131|201
131|224
131|333
131|509
131|511
131|568
131|596
131|675
131|773
131|790
131|834
131|917
132|225
132|238
132|248
132|316
132|411
132|440
132|477
132|490
132|530
132|536
132|595
132|671
132|692
132|818
132|911
133|221
133|231
133|402
133|513
133|581
133|604
133|695
133|727
133|738
133|912
134|178
134|459
134|593
134|789
135|246
135|418
135|484
135|649
135|694
135|715
135|862
136|139
136|247
136|286
136|310
136|471
136|501
136|522
136|537
136|623
136|729
136|751
136|787
136|804
136|805
136|825
136|913
136|936
137|314
137|387
137|414
137|431
137|466
137|474
137|576
137|586
137|619
137|859
137|931
138|240
138|280
138|527
138|651
138|719
138|776
138|821
139|316
139|416
139|421
139|512
139|572
139|722
139|767
139|783
139|836
140|179
140|254
140|270
140|465
140|548
140|567
140|588
140|604
140|704
140|709
140|765
140|813
141|198
141|252
141|333
141|357
141|467
141|491
141|779
141|795
141|809
141|813
141|943
142|277
142|323
142|520
142|521
142|667
142|679
142|684
142|796
142|872
142|937
143|157
143|263
143|370
143|473
143|559
143|617
143|815
143|937
144|215
144|394
144|398
144|539
144|541
144|596
144|645
144|716
144|889
144|893
144|913
145|486
145|492
145|641
145|745
145|774
145|798
145|922
146|179
146|184
146|219
146|242
146|273
146|365
146|437
146|462
146|612
146|712
147|264
147|289
147|332
147|433
147|507
147|637
147|642
147|706
147|745
147|791
147|829
147|887
148|314
148|601
148|699
148|767
148|784
148|821
148|875
148|910
148|934
149|246
149|247
149|337
149|364
149|387
149|437
149|558
149|584
149|835
149|930
150|334
150|365
150|432
150|455
150|523
150|536
150|549
150|582
150|748
150|787
151|277
151|323
151|499
151|517
151|522
151|578
151|674
151|767
151|916
152|173
152|451
152|461
152|479
152|573
152|603
152|639
152|695
152|780
152|787
152|839
153|290
153|344
153|386
153|397
153|410
153|447
153|492
153|637
153|679
153|756
153|767
153|790
153|895
154|214
154|336
154|339
154|359
154|422
154|495
154|552
154|649
154|650
154|667
154|715
154|807
155|161
155|196
155|465
155|524
155|526
155|585
155|632
155|651
155|798
156|172
156|300
156|334
156|355
156|380
156|484
156|628
156|633
156|668
156|756
156|836
156|855
156|902
156|908
157|277
157|321
157|430
157|533
157|700
157|905
158|170
158|233
158|404
158|549
158|631
158|694
158|722
158|752
158|803
158|830
158|918
158|922
159|318
159|415
159|430
159|512
159|513
159|523
159|614
159|727
159|738
159|850
160|198
160|375
160|422
160|443
160|669
160|696
160|750
160|847
160|908
161|238
161|354
161|426
161|443
161|535
161|746
162|165
162|305
162|491
162|517
162|570
162|646
162|879
162|887
163|258
163|358
163|432
163|457
163|546
163|630
163|634
163|663
163|708
163|751
163|756
163|758
163|774
164|214
164|278
164|494
164|597
164|617
164|706
164|882
165|242
165|309
165|325
165|410
165|531
165|544
165|737
165|738
165|767
165|776
165|829
165|891
166|219
166|226
166|380
166|383
166|624
166|798
166|859
166|874
166|899
167|190
167|193
167|207
167|433
167|483
167|633
167|734
167|780
167|867
167|906
168|189
168|230
168|397
168|444
168|723
168|782
168|791
168|900
169|334
169|462
169|561
169|678
169|894
170|238
170|291
170|303
170|375
170|393
170|573
170|615
170|628
170|674
170|680
170|752
170|904
171|268
171|354
171|396
171|503
171|556
171|583
171|596
171|748
171|942
172|185
172|224
172|248
172|252
172|553
172|568
172|634
172|680
172|770
172|807
172|906
172|924
173|340
173|349
173|411
173|437
173|495
174|175
174|542
174|752
174|806
175|201
175|217
175|499
175|666
175|684
175|749
175|763
175|786
175|824
175|842
176|226
176|303
176|378
176|386
176|438
176|567
176|583
176|604
176|748
176|863
176|899
177|260
177|368
177|424
177|434
177|458
177|498
177|546
177|740
177|828
178|185
178|202
178|335
178|336
178|412
178|636
178|649
178|803
178|899
179|189
179|371
179|439
179|475
179|637
179|777
179|803
179|919
179|922
179|942
180|184
180|274
180|349
180|541
180|552
180|583
180|603
180|623
180|627
180|693
180|785
180|827
180|861
181|197
181|223
181|236
181|468
181|511
181|611
181|771
181|819
181|891
182|261
182|349
182|361
182|382
182|683
182|704
182|729
182|894
183|228
183|281
183|289
183|334
183|360
183|381
183|544
183|613
183|630
183|705
183|718
183|732
183|744
183|915
184|320
184|482
184|486
184|488
184|530
184|654
184|686
184|704
184|740
184|769
184|815
184|847
185|273
185|279
185|309
185|437
185|548
185|583
185|683
185|804
185|823
185|865
185|871
186|250
186|303
186|318
186|367
186|491
186|568
186|647
186|749
186|812
187|307
187|385
187|417
187|483
187|530
187|557
187|608
187|782
187|792
187|919
188|326
188|555
188|633
188|748
188|902
189|210
189|447
189|450
189|507
189|568
189|793
189|866
190|357
190|774
191|353
191|361
191|633
191|657
191|727
191|881
192|222
192|448
192|504
192|524
192|631
192|806
192|886
193|509
193|568
193|607
193|626
193|705
193|760
193|775
193|900
194|199
194|434
194|489
194|498
194|577
194|614
194|643
194|786
195|197
195|274
195|370
195|416
195|468
195|708
195|777
195|852
195|857
196|283
196|543
196|678
196|709
196|760
196|775
196|787
196|806
196|853
196|880
196|891
196|923
196|924
197|209
197|285
197|469
197|544
197|590
197|689
197|826
197|861
197|891
197|915
198|232
198|415
198|449
198|490
198|496
198|560
198|582
198|624
198|680
198|691
198|755
198|838
198|863
198|866
198|889
199|214
199|243
199|397
199|515
199|644
199|656
199|697
199|708
199|794
200|229
200|257
200|271
200|285
200|294
200|588
200|635
200|683
201|340
201|357
201|455
201|467
201|479
201|630
201|766
201|836
201|877
201|896
201|932
201|938
202|261
202|298
202|373
202|439
202|463
202|593
202|631
202|672
202|676
202|678
202|725
202|795
202|842
202|912
202|939
203|405
203|481
203|510
203|521
204|206
204|249
204|269
204|306
204|361
204|367
204|489
204|498
204|559
204|620
204|719
205|365
205|592
205|595
205|682
205|722
205|726
205|771
205|835
205|852
206|224
206|310
206|362
206|404
206|418
206|479
206|571
206|572
206|733
206|905
207|252
207|402
207|537
207|548
207|667
207|724
207|750
208|209
208|224
208|518
208|550
208|639
208|850
209|232
209|261
209|274
209|297
209|387
209|433
209|438
209|440
209|479
209|576
209|654
209|681
209|859
209|892
210|282
210|347
210|377
210|478
210|538
210|733
211|385
211|461
211|510
211|530
211|550
211|719
211|736
211|764
211|789
211|808
211|847
212|302
212|303
212|338
212|404
212|554
212|567
212|683
212|850
212|926
213|332
213|342
213|394
213|502
213|617
214|275
214|309
214|394
214|462
214|507
214|524
214|667
214|694
214|708
214|854
214|866
214|868
214|924
214|927
215|217
215|222
215|234
215|270
215|273
215|479
215|537
215|619
215|677
215|758
215|841
215|884
216|287
216|606
216|615
216|617
216|675
216|941
217|221
217|225
217|330
217|444
217|458
217|459
217|518
217|597
217|764
217|806
218|223
218|383
218|436
218|534
218|767
218|773
218|841
218|848
218|871
218|905
218|926
219|426
219|442
219|675
219|725
219|730
219|842
220|349
220|516
220|555
220|613
220|682
220|770
220|811
220|815
221|249
221|304
221|402
221|448
221|472
221|514
221|706
221|940
222|283
222|406
222|506
222|595
223|427
223|451
223|563
223|678
223|846
223|852
224|344
224|364
224|412
224|500
224|631
224|700
224|804
224|912
225|246
225|290
225|599
225|603
225|873
226|537
226|626
226|660
226|738
226|838
226|873
226|886
227|335
227|419
227|450
227|484
227|529
227|692
227|835
227|839
227|872
227|915
228|405
228|428
228|434
228|470
228|480
228|819
228|930
229|389
229|439
229|555
229|630
229|670
229|699
229|739
229|743
229|777
229|852
230|237
230|321
230|460
230|500
230|512
230|536
230|616
230|679
230|694
230|774
230|775
230|811
230|813
230|895
230|941
231|248
231|276
231|369
231|444
231|551
231|568
231|706
231|713
231|781
231|861
231|869
231|901
231|918
231|920
231|928
232|239
232|293
232|297
232|407
232|446
232|510
232|540
232|820
232|919
233|237
233|240
233|243
233|249
233|324
233|424
233|461
233|538
233|615
233|624
233|674
233|682
233|703
233|750
233|815
233|886
234|400
234|468
234|539
234|756
235|250
235|499
235|802
236|243
236|307
236|318
236|366
236|397
236|493
236|714
236|799
236|845
236|920
237|268
237|276
237|337
237|355
237|418
237|440
237|473
237|505
237|569
237|630
237|766
237|787
237|829
237|840
237|859
237|916
237|932
238|326
238|419
238|427
238|429
238|641
238|687
238|793
238|848
238|891
239|316
239|335
239|356
239|424
239|468
239|504
239|566
239|661
239|781
239|905
239|935
239|936
240|249
240|414
240|426
240|587
240|619
240|768
240|893
240|895
241|266
241|376
241|630
241|631
241|849
242|249
242|257
242|289
242|432
242|462
242|526
242|578
242|590
242|755
242|770
242|800
242|864
242|906
243|323
243|366
243|384
243|405
243|444
243|517
243|520
243|600
243|878
244|257
244|340
244|345
244|351
244|422
244|528
244|532
244|535
244|560
244|629
244|853
244|892
244|898
245|292
245|303
245|310
245|375
245|415
245|458
245|461
245|465
245|473
245|489
245|557
245|566
245|567
245|756
246|558
246|563
246|646
246|689
246|749
246|811
246|863
246|868
247|310
247|441
247|523
247|657
247|726
247|742
247|900
247|932
248|354
248|495
248|732
248|796
248|803
248|855
249|292
249|303
249|326
249|335
249|357
249|556
249|597
249|627
249|649
249|757
249|759
249|840
250|409
250|410
250|455
250|911
250|925
251|267
251|388
251|457
251|525
251|559
251|616
251|671
251|675
251|717
251|773
251|806
252|319
252|320
252|448
253|307
253|316
253|421
253|433
253|439
253|481
253|644
253|657
253|684
253|744
253|777
253|795
253|859
253|860
253|943
254|363
254|434
254|500
254|511
254|529
254|536
254|544
254|587
254|634
254|756
254|795
255|339
255|350
255|374
255|560
255|661
255|681
255|698
255|785
256|280
256|285
256|360
256|476
256|489
256|609
256|727
256|874
256|909
257|348
257|380
257|405
257|411
257|422
257|496
257|691
257|771
257|830
257|832
257|849
257|858
258|288
258|320
258|329
258|702
258|791
258|864
258|885
259|427
259|518
259|682
259|724
259|730
259|772
259|821
259|837
259|920
260|265
260|312
260|361
260|372
260|398
260|473
260|689
260|695
260|916
261|326
261|407
261|581
261|774
261|885
261|942
262|322
262|332
262|544
262|616
262|670
262|796
262|861
263|298
263|332
263|403
263|476
263|521
263|571
263|697
263|805
264|351
264|403
264|415
264|423
264|494
264|521
264|653
264|805
264|826
264|867
265|277
265|285
265|902
265|903
265|904
265|942
266|285
266|506
266|542
266|732
266|793
266|896
267|409
267|452
267|454
267|460
267|472
267|572
267|606
267|807
267|816
267|826
267|848
267|864
267|938
268|403
268|854
269|297
269|356
269|468
269|481
269|643
269|709
269|813
270|409
270|484
270|570
270|585
270|606
270|674
270|734
270|890
271|362
271|414
271|477
271|530
271|794
271|868
271|908
272|372
272|384
272|413
272|446
272|581
272|638
272|653
272|762
272|812
272|816
272|856
272|858
272|867
273|310
273|381
273|386
273|468
273|469
273|573
273|671
273|814
274|547
274|554
274|555
274|712
274|721
274|771
275|331
275|379
275|450
275|513
275|679
275|680
275|685
275|700
275|705
275|883
276|472
276|642
276|746
276|770
276|797
277|334
277|345
277|430
277|728
277|836
277|841
278|297
278|302
278|332
278|342
278|460
278|495
278|550
278|599
278|633
278|652
278|788
278|798
278|875
278|895
279|344
279|387
279|708
279|850
279|853
279|893
279|937
280|302
280|344
280|480
280|534
280|633
280|688
280|796
280|814
280|862
280|936
281|328
281|399
281|432
281|545
281|553
281|628
281|674
281|696
281|714
281|843
282|340
282|412
282|597
282|727
282|730
282|773
282|942
283|335
283|399
283|455
283|462
283|706
283|732
283|862
284|623
284|641
284|676
284|838
284|874
285|332
285|367
285|397
285|490
285|509
285|566
285|681
285|754
285|880
286|292
286|297
286|467
286|556
286|604
286|642
286|650
286|885
287|410
287|462
287|465
287|483
287|499
287|516
287|592
287|718
287|751
287|780
287|869
288|292
288|347
288|426
288|517
288|654
288|717
288|797
289|317
289|350
289|433
289|455
289|583
289|649
289|700
289|779
289|848
290|427
290|452
290|666
290|738
290|748
290|913
290|917
291|296
291|312
291|516
291|656
291|674
291|729
291|826
292|462
292|622
292|652
292|667
292|671
292|745
292|812
292|930
293|376
293|455
293|518
293|534
293|789
293|835
293|839
294|302
294|365
294|401
294|454
294|474
294|567
294|605
294|652
294|758
294|809
294|881
295|331
295|491
295|605
295|640
295|806
295|818
295|897
296|354
296|408
296|475
296|493
296|581
296|636
296|657
296|666
296|828
296|832
296|874
297|385
297|400
297|641
297|682
297|686
297|784
297|835
297|867
297|873
297|941
298|313
298|333
298|394
298|405
298|451
298|471
298|552
298|632
298|698
298|802
298|862
299|404
299|416
299|510
299|634
299|660
299|702
299|801
299|862
299|870
299|942
300|347
300|502
300|526
300|604
300|701
300|801
300|835
300|847
301|382
301|397
301|431
301|478
301|568
301|650
301|797
302|319
302|334
302|643
302|741
302|843
302|864
302|924
303|453
303|467
303|571
303|578
303|599
303|688
303|711
303|756
303|813
303|851
303|927
304|308
304|579
304|604
304|617
304|726
304|763
304|799
304|940
305|334
305|340
305|367
305|617
305|691
305|726
305|790
305|805
305|923
306|334
306|402
306|795
307|360
307|366
307|367
307|373
307|391
307|638
307|685
307|733
307|838
307|849
307|891
308|347
308|399
308|462
308|522
308|614
308|723
308|931
309|365
309|492
309|690
309|744
309|903
310|432
310|452
310|547
310|721
310|745
310|772
310|818
311|403
311|405
311|481
311|841
311|867
312|414
312|693
312|788
312|875
312|924
313|317
313|359
313|413
313|437
313|526
313|546
313|657
313|765
313|805
313|837
314|377
314|421
314|848
315|345
315|546
315|682
315|692
315|914
315|925
316|468
316|508
316|550
316|622
316|691
316|784
316|873
317|349
317|419
317|420
317|426
317|511
317|523
317|557
317|564
317|660
317|712
317|909
318|389
318|553
318|602
318|731
318|801
318|845
318|891
319|321
319|351
319|376
319|382
319|449
319|574
319|601
319|698
319|847
319|863
319|918
320|438
320|439
320|570
320|685
320|774
320|854
320|938
321|680
321|718
321|814
322|380
322|493
322|551
322|606
322|675
322|709
322|717
322|718
322|806
322|885
322|936
323|336
323|404
323|694
323|700
323|766
323|810
323|878
324|388
324|408
324|431
324|449
324|614
324|792
324|848
324|862
324|881
325|351
325|380
325|409
325|432
325|459
325|474
325|505
325|536
325|561
325|600
325|617
325|723
325|799
325|888
325|938
326|336
326|357
326|390
326|401
326|414
326|417
326|493
326|585
326|690
326|813
326|876
327|641
327|670
327|698
327|702
327|722
327|767
327|826
327|882
328|414
328|463
328|513
328|557
328|804
328|816
328|850
328|866
328|920
329|645
329|692
329|724
330|452
330|459
330|490
330|520
330|527
330|566
330|676
330|737
330|876
330|935
331|412
331|452
331|647
331|688
331|759
331|821
332|501
332|575
332|588
332|640
332|665
332|740
332|744
332|868
332|935
333|367
333|383
333|445
333|623
333|702
333|713
333|734
333|783
333|798
333|885
334|582
334|763
334|770
335|544
335|668
335|721
335|936
336|426
336|443
336|445
336|456
336|527
336|663
336|920
337|399
337|760
337|782
338|357
338|479
338|534
338|612
338|638
338|752
338|773
338|935
339|354
339|368
339|450
339|452
339|490
339|503
339|504
339|681
339|684
339|770
339|807
339|823
339|831
339|870
340|817
340|905
340|925
341|407
341|448
341|506
341|584
341|623
341|636
341|665
341|796
341|822
341|926
341|943
342|381
342|452
342|598
342|656
342|677
342|737
342|889
343|390
343|407
343|641
343|646
343|677
343|722
343|870
343|885
343|902
343|915
344|358
344|400
344|645
344|650
344|752
344|838
344|895
345|379
345|482
345|491
345|591
345|603
345|639
345|694
345|770
345|772
345|827
345|891
346|568
346|732
346|805
346|857
346|869
347|399
347|500
347|502
347|689
347|740
347|749
347|857
347|868
347|939
348|413
348|419
348|540
348|611
348|665
348|730
348|790
348|842
348|864
348|884
349|362
349|380
349|480
349|486
349|494
349|506
349|553
349|567
349|841
350|583
350|614
350|627
350|650
350|666
350|670
350|696
350|932
351|398
351|572
351|709
351|711
351|786
352|467
352|511
352|564
352|759
352|832
352|855
352|938
353|407
353|524
353|598
353|700
353|755
353|886
353|891
353|908
354|403
354|433
354|453
354|632
354|776
354|803
354|866
355|387
355|401
355|570
355|584
355|592
355|675
355|753
355|773
355|832
355|879
356|372
356|648
356|666
356|723
356|747
356|898
356|933
357|417
357|624
357|663
357|705
357|790
358|391
358|433
358|440
358|546
358|580
358|637
358|639
358|697
358|742
358|880
358|894
359|385
359|400
359|495
359|539
359|554
359|775
359|881
360|380
360|383
360|397
360|444
360|536
360|549
360|556
360|583
360|745
360|762
360|797
361|362
361|396
361|453
361|483
361|490
361|573
361|612
361|733
361|925
362|412
362|516
362|699
362|805
362|831
362|868
362|914
363|413
363|493
363|689
363|724
363|733
363|830
363|845
363|931
364|428
364|443
364|546
364|700
364|830
365|447
365|455
365|559
365|694
365|755
365|900
365|931
366|445
366|479
366|514
366|612
366|625
366|632
366|678
367|405
367|512
367|607
367|660
367|664
367|666
367|671
367|698
367|753
367|858
367|909
368|389
368|408
368|417
368|422
368|434
368|591
368|634
368|637
368|735
368|923
368|938
369|555
369|883
369|904
369|919
370|390
370|487
370|545
370|660
370|681
370|711
370|733
370|788
370|841
370|866
370|885
370|907
371|485
371|492
371|573
371|642
371|905
372|421
372|430
372|470
372|489
372|543
372|560
372|843
373|524
373|642
373|784
373|863
373|879
374|417
374|557
374|642
374|809
374|819
374|930
374|934
375|443
375|635
375|648
375|654
375|684
375|728
375|847
375|892
375|914
375|922
376|530
376|558
376|560
376|587
376|690
376|720
376|760
376|905
377|466
377|493
377|505
377|536
377|556
377|606
377|639
377|683
377|737
377|744
377|840
378|643
378|723
378|828
378|842
378|911
378|922
379|495
379|522
379|536
379|742
379|847
379|861
379|882
379|897
380|428
380|486
380|569
380|604
380|644
380|715
380|777
380|838
380|859
380|863
380|931
381|387
381|412
381|454
381|509
381|529
381|551
381|593
381|595
381|645
381|705
381|812
382|449
382|536
382|723
382|772
382|797
382|807
382|837
383|498
383|626
383|636
383|648
383|689
383|710
383|755
383|760
383|772
383|773
383|814
383|821
383|830
384|477
384|775
384|814
384|838
385|517
385|565
385|736
385|828
385|850
385|873
386|537
386|867
387|838
387|905
388|417
388|421
388|569
388|660
388|846
388|885
389|560
389|854
390|410
390|415
390|566
390|578
390|676
390|882
390|889
390|926
390|941
391|447
391|620
391|689
391|725
391|727
391|777
391|892
391|907
391|918
391|942
392|417
392|597
392|604
392|612
392|633
392|646
392|732
392|811
392|872
392|901
392|940
393|404
393|475
393|490
393|529
393|723
393|740
393|775
393|823
393|942
394|581
394|834
394|921
395|413
395|417
395|506
395|637
395|786
396|424
396|460
396|526
396|537
396|684
396|709
396|720
396|861
396|866
397|462
397|529
397|561
397|625
397|693
397|730
397|800
397|814
397|824
398|716
398|720
398|815
398|830
398|851
398|880
398|933
399|435
399|440
399|506
399|525
399|674
399|786
399|910
399|935
399|937
400|541
400|645
400|787
400|814
400|875
400|939
401|404
401|412
401|615
401|692
401|713
401|867
402|457
402|462
402|463
402|555
402|761
402|898
402|928
403|452
403|627
403|660
403|811
404|440
404|549
404|563
404|648
404|674
404|707
404|777
404|792
404|795
405|519
405|543
405|583
405|789
405|815
405|896
406|436
406|453
406|467
406|510
406|516
406|608
406|621
406|651
406|747
406|756
406|855
407|569
407|574
407|618
408|443
408|473
408|479
408|525
408|703
408|728
408|816
408|930
409|487
409|528
409|578
409|584
409|617
409|619
409|786
409|840
409|850
409|888
410|432
410|623
410|708
410|799
410|812
410|816
410|847
411|418
411|549
411|631
411|711
411|779
411|808
411|812
411|817
411|834
411|837
412|532
412|539
412|568
412|730
412|748
412|780
412|900
413|424
413|434
413|545
413|723
413|827
413|901
414|417
414|535
414|538
414|577
414|789
414|897
415|660
415|690
415|743
415|835
416|462
416|548
416|590
416|695
417|465
417|468
417|584
417|640
417|760
417|792
417|836
417|899
417|925
418|499
418|526
418|536
418|608
418|614
418|783
418|795
418|831
418|841
418|859
419|488
419|594
419|693
419|723
419|881
419|928
420|439
420|488
420|672
420|679
420|752
420|799
420|905
421|453
421|493
421|586
421|637
421|824
421|856
422|506
422|535
422|581
422|660
422|774
422|790
422|799
423|456
423|489
423|497
423|527
423|556
423|560
423|920
424|429
424|580
424|621
424|655
424|741
425|433
425|537
425|582
425|679
425|760
425|763
425|942
426|441
426|451
426|592
426|606
426|609
426|649
426|654
426|677
426|847
427|455
427|475
427|544
427|791
427|886
427|899
427|905
428|866
428|941
429|522
429|766
429|884
430|462
430|556
430|567
430|587
430|650
430|689
430|725
430|785
430|820
430|879
431|447
431|454
431|523
431|541
431|616
431|758
431|814
431|871
431|886
431|938
432|450
432|518
432|548
432|779
433|529
433|923
433|931
434|499
434|528
434|585
434|709
434|846
434|849
434|897
434|931
435|486
435|603
435|626
435|816
435|821
435|853
436|499
436|580
436|616
436|799
436|864
436|870
436|902
436|912
437|827
437|845
437|864
437|936
438|485
438|584
438|630
438|656
438|712
438|741
438|904
438|941
439|575
439|581
439|599
439|620
439|641
439|685
439|755
439|936
440|441
440|500
440|515
440|557
440|591
440|679
440|793
440|835
440|847
440|888
441|463
441|527
441|602
441|670
441|698
441|716
441|720
441|747
441|884
441|933
442|445
442|493
442|543
442|630
442|673
442|755
443|451
443|492
443|512
443|636
443|743
443|781
443|789
443|794
443|844
444|469
444|487
444|510
444|783
444|796
444|797
444|907
444|933
445|464
445|568
445|888
445|924
446|497
446|612
446|904
447|450
447|511
447|616
447|712
447|730
447|735
447|782
447|804
447|939
448|472
448|490
448|808
448|839
448|874
449|491
449|492
449|495
449|510
449|551
449|553
449|562
449|693
449|751
449|818
449|901
449|923
450|490
450|527
450|642
450|805
450|818
450|924
451|589
451|616
451|623
451|664
451|719
451|777
451|801
452|493
452|571
452|737
452|917
453|517
453|721
453|763
453|766
453|800
453|811
454|502
454|541
454|823
454|844
454|872
454|934
455|590
455|759
455|815
455|858
456|483
456|499
456|538
456|637
456|691
456|735
456|819
456|823
457|635
457|641
457|742
458|692
458|709
458|750
458|790
458|807
458|876
458|881
459|554
459|573
459|574
459|590
459|604
459|605
459|615
460|547
460|590
460|630
460|773
460|798
461|490
461|527
461|733
461|841
462|543
462|574
462|585
462|652
462|765
462|824
462|848
463|468
463|515
463|575
463|599
463|926
464|595
464|642
464|809
464|858
465|481
465|500
465|508
465|557
465|713
465|838
466|497
466|720
466|745
466|816
466|903
467|479
467|668
467|717
467|762
467|789
467|808
467|900
468|581
468|594
468|890
468|906
469|518
469|658
470|483
470|676
470|828
470|897
471|658
471|883
472|500
472|534
472|577
472|689
472|716
472|755
472|765
472|932
473|561
473|688
473|696
473|792
473|833
474|535
474|751
474|757
474|884
474|940
475|854
475|875
475|933
476|582
476|622
476|655
476|790
476|892
476|911
476|934
477|621
477|637
477|678
477|698
477|806
477|855
478|533
478|569
478|582
478|694
478|697
478|903
478|924
479|517
479|611
479|675
479|814
479|867
479|878
480|571
480|650
480|652
480|661
480|692
480|704
480|767
480|777
480|795
480|939
481|501
481|575
481|580
481|593
481|594
481|675
481|694
481|760
481|879
481|881
481|925
481|933
482|493
482|542
482|590
482|628
482|890
482|906
482|916
483|537
483|546
483|608
483|637
483|644
483|657
483|675
483|825
483|911
484|489
484|739
484|933
485|544
485|569
485|717
485|801
485|851
486|495
486|512
486|519
486|578
486|585
486|587
486|705
486|766
486|931
486|936
487|645
487|914
488|563
488|573
488|580
488|743
488|806
489|679
489|749
489|778
489|858
490|547
490|722
490|772
490|793
491|494
491|535
491|673
491|829
491|843
491|866
491|909
492|506
492|578
492|587
492|632
492|664
492|766
492|840
492|865
493|494
493|516
493|522
493|613
493|634
493|714
493|854
493|882
494|600
494|723
494|748
494|870
494|889
495|500
495|618
495|647
495|695
495|698
495|779
495|899
495|934
496|637
496|661
496|795
496|876
497|584
497|598
497|649
497|811
497|919
498|545
498|577
498|644
498|725
498|814
498|829
499|614
499|632
499|726
499|826
499|855
500|515
500|547
500|600
500|869
501|554
501|622
501|624
501|941
502|548
502|652
502|674
502|749
502|864
502|917
503|508
503|514
503|544
503|657
503|698
503|805
503|869
505|520
505|915
506|529
506|629
506|632
506|642
506|646
506|660
506|745
506|846
506|885
506|934
507|556
507|673
507|745
507|772
508|821
509|585
509|678
509|772
509|854
510|589
510|784
510|876
510|927
511|559
511|563
511|616
511|717
511|721
511|901
512|515
512|586
512|598
512|762
512|767
512|830
512|854
512|902
512|905
513|847
513|857
514|527
514|646
514|767
514|822
514|830
515|543
515|615
515|652
515|675
515|693
515|734
515|830
516|840
517|596
517|606
517|607
517|625
517|652
517|704
517|736
517|831
517|841
517|906
517|922
518|539
518|589
518|640
518|645
518|888
519|610
519|646
519|731
520|533
520|537
520|682
520|872
520|887
520|909
521|584
521|611
521|682
521|767
521|861
521|889
522|593
522|754
522|776
522|816
523|627
523|656
523|697
523|846
523|873
523|875
524|537
524|551
524|571
524|605
524|630
524|667
524|717
525|635
525|674
525|716
525|928
526|621
526|689
526|771
527|607
527|619
527|707
527|779
527|856
528|583
529|537
529|542
530|540
530|549
530|568
530|671
530|762
530|853
530|869
530|872
531|628
531|648
531|706
531|783
532|581
532|779
532|854
532|895
533|671
533|739
533|940
534|592
534|599
534|653
534|734
535|697
535|718
535|899
535|907
536|603
536|627
536|632
536|648
536|700
536|703
536|806
536|846
536|852
536|856
537|858
537|916
538|569
538|577
538|604
538|700
538|794
538|806
538|821
538|843
539|573
539|621
539|637
539|787
539|912
539|942
540|558
540|637
540|694
540|794
541|605
541|642
541|707
541|758
541|827
542|564
542|580
542|630
542|649
542|686
542|762
542|773
543|584
543|586
543|637
543|817
543|833
543|919
544|751
544|802
545|585
545|607
545|628
545|877
545|886
546|669
546|682
546|733
546|746
546|848
546|876
546|880
546|940
547|667
547|737
547|848
547|901
547|936
548|600
548|706
548|862
548|871
548|931
548|940
549|580
549|657
549|815
549|835
549|862
549|886
550|613
550|614
550|628
551|649
552|650
552|713
552|722
552|783
552|828
552|836
552|921
553|629
553|693
553|855
553|919
553|922
554|578
554|708
554|819
554|836
554|847
555|595
555|672
555|699
555|709
555|710
555|943
556|601
556|617
556|672
556|698
556|826
556|834
557|637
557|665
557|783
557|821
557|830
557|834
557|908
558|624
558|739
558|753
558|888
559|563
559|665
559|702
559|719
559|890
559|891
559|918
560|920
561|603
561|648
561|745
561|792
561|869
561|884
562|606
562|725
562|749
562|776
562|813
562|915
562|921
563|666
563|742
564|709
564|876
565|707
565|816
565|930
565|937
566|572
566|640
566|840
566|844
567|776
567|878
568|658
568|684
568|701
568|763
568|781
568|864
568|879
569|690
569|777
569|943
570|587
570|635
570|673
570|822
570|855
570|887
571|627
571|754
571|771
571|803
571|835
572|792
572|814
572|819
572|830
572|938
573|694
573|705
573|706
573|727
573|779
574|659
574|849
575|650
575|659
575|668
575|686
575|736
575|817
576|634
576|695
576|704
576|800
576|811
576|840
576|904
576|919
577|644
577|652
577|662
577|874
578|606
578|610
578|640
578|688
578|736
578|791
578|924
579|668
579|676
579|787
579|860
580|626
580|682
580|687
580|739
580|882
580|906
581|681
581|683
581|811
581|856
581|869
581|886
582|613
582|684
582|690
583|587
583|598
583|617
583|835
583|866
584|700
584|749
584|808
584|834
584|930
584|933
585|619
585|687
585|914
585|939
586|649
586|755
586|854
586|901
586|936
587|656
587|673
587|747
587|776
587|911
587|925
588|783
588|884
590|695
590|697
590|759
590|833
591|616
591|806
591|823
592|649
592|657
592|867
593|897
594|782
594|786
594|792
594|811
595|615
595|713
595|742
595|806
596|610
596|644
596|659
596|716
596|732
596|749
596|792
596|885
597|910
597|943
598|608
598|636
598|786
598|855
598|876
598|892
599|648
599|691
599|938
600|627
600|741
600|800
600|851
600|882
600|908
601|755
601|756
601|761
601|787
601|792
601|810
601|845
601|872
602|635
602|652
602|802
602|860
603|647
603|672
603|801
604|621
604|702
604|708
604|807
604|863
605|769
605|801
605|805
605|838
606|654
606|679
606|715
606|772
606|799
607|621
607|675
607|784
608|671
608|728
608|778
608|832
608|934
609|813
609|818
609|838
609|866
609|877
610|710
610|805
611|667
611|696
611|734
611|752
611|777
611|866
612|760
613|643
613|789
613|884
614|625
614|698
614|706
614|741
614|818
614|842
614|885
615|840
615|921
616|665
616|864
616|871
616|881
617|653
617|708
618|745
618|764
618|933
619|720
619|772
620|684
620|762
621|671
621|712
621|895
621|911
622|644
622|912
622|915
623|677
623|680
623|774
623|816
624|672
624|807
624|906
624|937
625|665
625|667
625|704
625|763
625|846
625|863
625|887
626|746
626|790
626|863
626|900
627|649
627|655
627|721
627|793
628|657
628|893
629|687
629|758
630|649
630|701
630|729
630|766
630|791
631|663
631|749
631|866
632|714
632|781
632|927
633|766
633|877
633|889
633|908
634|672
634|697
634|702
634|865
634|877
635|787
635|797
636|663
636|673
636|700
636|718
636|733
636|822
636|824
636|829
636|929
637|698
637|778
637|810
637|927
638|675
639|676
639|730
639|751
640|697
640|713
640|813
640|883
641|648
641|785
641|833
642|663
642|679
642|711
642|855
642|935
643|694
643|711
643|713
643|714
643|807
643|894
643|917
644|682
644|787
644|793
644|797
644|816
644|830
644|904
645|651
645|726
645|767
645|865
645|908
645|941
646|661
646|735
646|752
646|813
646|907
648|735
648|804
649|813
650|657
650|683
650|827
650|910
651|670
651|677
651|754
651|762
651|779
651|823
651|847
652|661
652|690
652|714
652|804
653|755
653|778
653|867
654|800
655|686
655|813
656|786
656|817
656|841
656|866
657|788
657|819
657|916
657|918
658|718
658|761
658|905
659|704
659|714
659|760
659|761
659|821
659|919
660|664
660|855
660|867
660|916
662|861
662|913
663|676
663|782
663|839
664|689
664|691
664|721
664|754
664|845
665|712
665|817
665|820
665|901
666|696
666|728
666|748
666|780
666|856
666|882
667|670
667|695
667|699
667|733
667|777
667|918
668|740
668|757
668|865
668|907
669|805
669|861
670|751
670|885
670|894
670|911
670|943
671|695
671|712
671|737
671|926
672|784
672|837
673|709
673|751
673|759
673|824
673|842
673|873
673|878
674|762
674|809
674|820
674|863
674|943
675|753
675|783
675|901
677|796
677|831
677|894
677|897
678|873
680|807
680|874
680|876
680|878
680|901
680|902
680|914
681|712
682|720
682|735
682|790
682|802
682|887
683|855
683|880
683|937
684|805
684|864
684|932
685|711
685|860
685|897
686|829
686|833
686|905
687|790
687|838
688|726
688|845
688|855
689|739
689|767
689|873
690|809
690|837
690|867
690|920
691|697
691|720
691|807
691|930
692|842
692|849
693|782
693|851
693|866
693|881
693|933
694|832
694|858
695|887
695|921
695|932
695|936
696|738
696|849
696|910
696|942
697|740
697|890
697|891
698|752
698|792
698|843
698|867
698|871
699|700
700|718
700|728
700|830
700|937
701|791
701|826
701|928
702|761
702|816
702|820
702|929
703|708
703|755
703|900
703|912
704|774
705|726
705|823
705|836
705|857
706|767
706|854
706|920
707|814
707|816
708|843
708|857
708|880
708|935
709|769
709|806
709|817
709|836
709|840
709|860
710|728
710|847
710|878
710|899
710|928
711|785
712|751
712|850
712|852
712|932
713|909
714|827
714|883
714|892
715|737
715|874
716|748
717|930
719|741
719|775
719|777
719|900
720|759
720|762
720|769
720|911
720|924
721|800
721|818
721|827
721|859
721|920
721|930
722|800
722|806
722|877
723|871
723|921
724|785
724|919
725|746
725|777
725|814
725|871
725|874
725|884
726|731
726|796
726|819
727|787
727|834
727|858
727|904
728|797
728|927
729|794
730|746
731|735
731|740
731|781
731|801
731|819
731|870
731|888
731|933
733|817
733|820
733|895
733|919
734|765
734|775
734|886
735|739
735|816
736|921
737|922
737|928
738|775
738|847
738|856
738|927
739|786
739|807
739|897
740|792
740|839
741|823
742|906
742|918
742|921
743|916
744|759
744|804
744|822
744|827
744|930
745|777
745|837
745|838
745|904
745|915
746|900
746|930
747|756
747|855
747|933
748|763
748|927
749|770
749|771
749|783
749|804
749|902
750|941
751|796
751|839
751|855
751|871
751|877
752|878
753|793
754|799
754|813
754|876
755|823
755|886
755|935
756|848
756|875
756|936
757|807
758|779
758|881
758|883
758|919
758|926
760|863
760|939
761|915
761|937
762|792
762|893
762|904
764|868
764|930
765|819
765|925
766|809
766|864
768|856
768|936
769|811
769|815
769|820
769|838
769|902
770|774
770|831
771|909
771|927
772|931
773|802
773|836
775|776
775|797
775|848
775|866
775|873
776|840
777|919
778|814
778|835
779|802
779|910
779|915
781|885
781|912
781|943
782|852
782|939
783|891
784|925
786|865
786|873
787|819
787|841
787|899
787|907
787|917
788|829
788|852
789|850
790|803
790|903
792|823
792|869
792|905
793|871
793|911
794|889
794|912
794|941
796|828
796|921
796|932
797|832
797|941
798|816
798|864
799|828
799|842
799|857
799|931
800|937
801|935
802|826
802|828
802|866
802|881
803|804
803|812
803|821
803|867
804|827
804|841
804|847
805|825
805|846
806|819
806|930
807|834
807|920
808|829
810|863
810|883
810|940
810|942
812|826
812|829
812|857
812|867
813|850
813|935
814|837
814|938
815|901
816|832
817|904
818|915
819|918
819|938
820|937
821|836
822|839
822|856
822|865
822|917
823|828
823|840
823|906
824|895
825|879
825|929
826|855
828|832
829|855
831|892
832|843
832|915
833|852
833|896
835|877
836|845
837|879
837|882
838|872
838|932
839|860
840|872
841|843
841|862
841|887
842|881
842|915
843|846
843|929
844|861
844|879
845|852
846|909
847|936
848|929
849|856
849|908
850|870
851|902
851|921
854|913
855|885
855|936
856|880
856|891
857|886
858|922
859|887
859|929
860|929
862|925
864|866
864|893
866|914
869|872
869|936
870|900
874|902
875|906
877|901
878|882
878|884
878|901
880|930
881|936
885|897
887|911
888|899
890|934
891|899
902|920
904|936
910|921
910|923
910|939
912|921
913|941
919|922
919|936
927|930
929|931
939|940
